{"line_points":[[-100,0,100,0],[-100,0,100,0],[-100,0,100,0],[-100,0,100,0],[-100,0,100,0],[-100,0,100,0],[-100,0,100,0],[-100,0,100,0],[-100,0,100,0],[-100,0,100,0],[-100,0,100,0],[-100,0,100,0],[-100,0,100,0],[-100,0,100,0],[-100,0,100,0]],"line_translations":[[724,85],[934,344],[831,605],[514,344],[746,425],[711,586],[742,515],[596,605],[867,425],[769,444],[870,305],[809,339],[812,417],[834,397],[732,161]],"line_rotations":[0,4.71238898038469,0,4.71238898038469,6.283185307179586,5.480333851262194,4.71238898038469,0,0,5.480333851262194,0,4.71238898038469,4.71238898038469,3.7000980142279785,4.71238898038469],"line_rotation_degrees":[0,90,0,90,0,46,90,0,0,46,0,90,90,148,90],"line_scales":[[2.1,1],[2.6,1],[1.04,1],[2.6,1],[0.05,1],[0.26,1],[0.9,1],[0.8300000000000001,1],[0.68,1],[0.26,1],[0.62,1],[0.33,1],[-0.09,1],[0.26,1],[0.76,1]],"line_colors":[0,0,0,1,0,0,0,1],"square_points":[[-100,-100,100,-100,-100,100,100,-100,-100,100,100,100],[-100,-100,100,-100,-100,100,100,-100,-100,100,100,100],[-100,-100,100,-100,-100,100,100,-100,-100,100,100,100]],"square_translations":[[555,587],[627,586],[756,101]],"square_rotations":[0,0,0],"square_rotation_degrees":[0,0,0],"square_scales":[[-0.19,-0.19],[-0.19,-0.19],[0.16,0.16]],"square_colors":[0,0,0,1,0,0,0,1,0,0,0,1,0,0,0,1,0,0,0,1,0,0,0,1],"rectangle_points":[[-150,-100,150,-100,-150,100,150,-100,-150,100,150,100],[-150,-100,150,-100,-150,100,150,-100,-150,100,150,100],[-150,-100,150,-100,-150,100,150,-100,-150,100,150,100],[-150,-100,150,-100,-150,100,150,-100,-150,100,150,100],[-150,-100,150,-100,-150,100,150,-100,-150,100,150,100],[-150,-100,150,-100,-150,100,150,-100,-150,100,150,100],[-150,-100,150,-100,-150,100,150,-100,-150,100,150,100]],"rectangle_translations":[[589,469],[624,170],[886,549],[928,401],[918,160],[841,99],[531,334]],"rectangle_rotations":[0,0,0,0,0,4.71238898038469,0],"rectangle_rotation_degrees":[0,0,0,0,0,90,0],"rectangle_scales":[[0.38,0.13],[0.38,0.2],[0.24,0.55],[0.03,0.2],[0.1,0.76],[0.1,0.62],[0.1,0.6900000000000001]],"rectangle_colors":[0,0,0,1,0,0,0,1,0,0,0,1,0,0,0,1,0,0,0,1,0,0,0,1],"polygon_points":[[100,0,-49.99999999999998,86.60254037844388,-50.00000000000004,-86.60254037844385,100,-2.4492935982947064e-14],[100,0,-49.99999999999998,86.60254037844388,-50.00000000000004,-86.60254037844385,100,-2.4492935982947064e-14],[100,0,-49.99999999999998,86.60254037844388,-50.00000000000004,-86.60254037844385,100,-2.4492935982947064e-14],[100,0,-49.99999999999998,86.60254037844388,-50.00000000000004,-86.60254037844385,100,-2.4492935982947064e-14],[100,0,-49.99999999999998,86.60254037844388,-50.00000000000004,-86.60254037844385,100,-2.4492935982947064e-14],[100,0,-49.99999999999998,86.60254037844388,-50.00000000000004,-86.60254037844385,100,-2.4492935982947064e-14],[100,0,-49.99999999999998,86.60254037844388,-50.00000000000004,-86.60254037844385,100,-2.4492935982947064e-14],[100,0,50.000000000000014,86.60254037844386,-49.99999999999998,86.60254037844388,-100,1.2246467991473532e-14,-50.00000000000004,-86.60254037844385,49.999999999999936,-86.6025403784439,100,-2.4492935982947064e-14],[100,0,6.123233995736766e-15,100,-100,1.2246467991473532e-14,-1.8369701987210297e-14,-100,100,-2.4492935982947064e-14],[100,0,6.123233995736766e-15,100,-100,1.2246467991473532e-14,-1.8369701987210297e-14,-100,100,-2.4492935982947064e-14]],"polygon_translations":[[690,169],[648,201],[556,170],[601,201],[599,139],[654,140],[917,399],[888,544],[890,593],[644,334]],"polygon_rotations":[0,4.71238898038469,3.159045946109736,4.71238898038469,1.5707963267948966,1.5707963267948966,3.12413936106985,4.71238898038469,6.003932626860493,0],"polygon_rotation_degrees":[0,90,179,90,270,270,181,90,16,0],"polygon_scales":[[0.1,0.13],[0.1,0.13],[0.1,0.13],[0.1,0.13],[0.1,0.13],[0.1,0.13],[0.1,0.2],[0.38,0.06],[0.24,0.06],[0.17,0.48]],"polygon_colors":[[0.92,0.86,0.32,1,0,0,0,1,0,0,0,1,0,0,0,1],[0.14,0.86,0.87,1,0,0,0,1,0,0,0,1,0,0,0,1],[0.9400000000000001,0.86,0.36,1,0,0,0,1,0,0,0,1,0,0,0,1],[0.14,0.86,0.87,1,0,0,0,1,0,0,0,1,0,0,0,1],[0.14,0.86,0.87,1,0,0,0,1,0,0,0,1,0,0,0,1],[0.14,0.86,0.87,1,0,0,0,1,0,0,0,1,0,0,0,1],[0,0,0,1,0,0,0,1,0,0,0,1,0,0,0,1],[0.58,0.59,0.58,1,0,0,0,1,0,0,0,1,0,0,0,1,0,0,0,1,0,0,0,1,0,0,0,1],[0.52,0.51,0.5700000000000001,1,0,0,0,1,0,0,0,1,0,0,0,1,0,0,0,1],[0.8300000000000001,0.3,0.34,1,0,0,0,1,0,0,0,1,0,0,0,1,0,0,0,1]],"polygon_vertexes":[4,4,4,4,4,4,4,7,5,5],"mode":"select","focus_index":14,"focus_object_type":0,"create_object_type":1}